{
  "runner.ts": 1776547475.7090302,
  "src/hypersync/client.ts": 1776517445.4930155,
  "src/hypersync/index.ts": 1776488759.7970014,
  "src/hypersync/paginate.ts": 1776517448.6890154,
  "src/config/index.ts": 1776484048.1478279,
  "src/discovery/discover.ts": 1776517593.5610156,
  "src/discovery/index.ts": 1776488759.8090014,
  "src/discovery/uniswap_v3.ts": 1776517315.1490154,
  "src/routing/enumerate_cycles.ts": 1776524341.6650188,
  "src/routing/finder.ts": 1776524339.0850189,
  "src/routing/graph.ts": 1776524344.1290188,
  "src/routing/index.ts": 1776488759.8290014,
  "src/routing/persistent_worker.ts": 1776545664.4770293,
  "src/routing/route_cache.ts": 1776515829.3010147,
  "src/routing/score_route.ts": 1776488759.8370016,
  "src/routing/simulator.ts": 1776517401.7810154,
  "src/routing/worker_pool.ts": 1776546223.3290296,
  "src/routing/worker.ts": 1776488759.8490014,
  "src/reorg/detect.ts": 1776517437.3170154,
  "src/reorg/index.ts": 1776488759.8530014,
  "src/execution/abi_fragments.ts": 1776488759.8570015,
  "src/execution/addresses.ts": 1776488759.8570015,
  "src/execution/build_tx.ts": 1776517335.7730155,
  "src/execution/calldata.ts": 1776516445.141015,
  "src/execution/gas.ts": 1776516418.125015,
  "src/execution/index.ts": 1776517345.8490155,
  "src/execution/nonce_manager.ts": 1776516465.245015,
  "src/execution/private_tx.ts": 1776516611.113015,
  "src/execution/send_tx.ts": 1776516391.745015,
  "src/profit/compute.ts": 1776488759.8730013,
  "src/profit/price_oracle.ts": 1776515845.1010146,
  "src/protocols/balancer_v2.ts": 1776517497.1690154,
  "src/protocols/curve_crypto_factory.ts": 1776517500.8370154,
  "src/protocols/curve_main_registry.ts": 1776517505.2330155,
  "src/protocols/curve_stable_factory.ts": 1776517505.5730155,
  "src/protocols/index.ts": 1776488759.8810015,
  "src/protocols/quickswap_v2.ts": 1776517510.5170155,
  "src/protocols/quickswap_v3.ts": 1776517510.6090155,
  "src/protocols/sushiswap_v2.ts": 1776517515.5570154,
  "src/protocols/sushiswap_v3.ts": 1776517516.1970155,
  "src/protocols/uniswap_v3.ts": 1776517518.7610154,
  "src/enrichment/balancer.ts": 1776517182.7490153,
  "src/enrichment/curve.ts": 1776517188.0930154,
  "src/enrichment/index.ts": 1776488759.9010015,
  "src/enrichment/rpc.ts": 1776547835.8690302,
  "src/db/index.ts": 1776488759.9090014,
  "src/db/registry_assets.ts": 1776517571.3330154,
  "src/db/registry_checkpoints.ts": 1776547083.81303,
  "src/db/registry_codec.ts": 1776545644.2290292,
  "src/db/registry_history.ts": 1776517135.1450152,
  "src/db/registry_meta_cache.ts": 1776517142.6250153,
  "src/db/registry_pools.ts": 1776516494.5250149,
  "src/db/registry.ts": 1776517165.3850152,
  "src/db/sqlite.ts": 1776490935.9570024,
  "src/math/balancer.ts": 1776524277.5970187,
  "src/math/curve.ts": 1776516340.073015,
  "src/math/full_math.ts": 1776524213.9290187,
  "src/math/index.ts": 1776488759.9450014,
  "src/math/sqrt_price_math.ts": 1776524239.8570187,
  "src/math/swap_math.ts": 1776524431.317019,
  "src/math/tick_math.ts": 1776524227.8890188,
  "src/math/uniswap_v2.ts": 1776539783.5530264,
  "src/math/uniswap_v3.ts": 1776524283.5930188,
  "src/utils/logger.ts": 1776484074.867828,
  "src/utils/metrics.ts": 1776484151.603828,
  "src/utils/rpc_manager.ts": 1776492743.8810034,
  "src/utils/validation_job.ts": 1776517464.3130155,
  "src/state/cache_utils.ts": 1776517424.1650155,
  "src/state/index.ts": 1776488759.9690015,
  "src/state/normalizer.ts": 1776516573.513015,
  "src/state/poll_balancer.ts": 1776517395.6610155,
  "src/state/poll_curve.ts": 1776515866.0570147,
  "src/state/poll_univ2.ts": 1776515889.4730146,
  "src/state/poll_univ3.ts": 1776515899.9450147,
  "src/state/pool_record.ts": 1776517431.6330154,
  "src/state/uniswap_v2.ts": 1776517414.8690155,
  "src/state/uniswap_v3.ts": 1776488759.9930015,
  "src/state/watcher_protocol_handlers.ts": 1776516225.0650148,
  "src/state/watcher_state_ops.ts": 1776547857.5130303,
  "src/state/watcher.ts": 1776516615.197015,
  "src/tui/App.tsx": 1776465962.079819,
  "src/tui/index.tsx": 1776465962.079819,
  "src/util/bigint.ts": 1776524192.6170187
}